{
    "channel_names": {
        "0": "R",
        "1": "G",
        "2": "B"
    },
    "labels": {
        "background": 0,
        "label1": 1,
        "label2": 2,
        "label3": 3,
        "label4": 4,
        "label5": 5,
        "label6": 6,
        "label7": 7,
        "label8": 8,
        "label9": 9,
        "label10": 10,
        "label11": 11,
        "label12": 12,
        "label13": 13,
        "label14": 14,
        "label15": 15,
        "label16": 16,
        "label17": 17,
        "label18": 18,
        "label19": 19,
        "label20": 20,
        "label21": 21,
        "label22": 22,
        "label23": 23,
        "label24": 24,
        "label25": 25,
        "label26": 26,
        "label27": 27,
        "label28": 28,
        "label29": 29,
        "label30": 30,
        "label31": 31,
        "label32": 32
    },
    "numTraining": 80,
    "file_ending": ".png",
    "name": "Dataset111_Teeth"
}