{
    "_best_ema": "None",
    "batch_size": "12",
    "configuration_manager": "{'data_identifier': 'nnUNetPlans_2d', 'preprocessor_name': 'DefaultPreprocessor', 'batch_size': 12, 'patch_size': [512, 512], 'median_image_size_in_voxels': [1536.0, 1608.0], 'spacing': [1.0, 1.0], 'normalization_schemes': ['ZScoreNormalization', 'ZScoreNormalization', 'ZScoreNormalization'], 'use_mask_for_norm': [False, False, False], 'UNet_class_name': 'PlainConvUNet', 'UNet_base_num_features': 32, 'n_conv_per_stage_encoder': [2, 2, 2, 2, 2, 2, 2, 2], 'n_conv_per_stage_decoder': [2, 2, 2, 2, 2, 2, 2], 'num_pool_per_axis': [7, 7], 'pool_op_kernel_sizes': [[1, 1], [2, 2], [2, 2], [2, 2], [2, 2], [2, 2], [2, 2], [2, 2]], 'conv_kernel_sizes': [[3, 3], [3, 3], [3, 3], [3, 3], [3, 3], [3, 3], [3, 3], [3, 3]], 'unet_max_num_features': 512, 'resampling_fn_data': 'resample_data_or_seg_to_shape', 'resampling_fn_seg': 'resample_data_or_seg_to_shape', 'resampling_fn_data_kwargs': {'is_seg': False, 'order': 3, 'order_z': 0, 'force_separate_z': None}, 'resampling_fn_seg_kwargs': {'is_seg': True, 'order': 1, 'order_z': 0, 'force_separate_z': None}, 'resampling_fn_probabilities': 'resample_data_or_seg_to_shape', 'resampling_fn_probabilities_kwargs': {'is_seg': False, 'order': 1, 'order_z': 0, 'force_separate_z': None}, 'batch_dice': True}",
    "configuration_name": "2d",
    "cudnn_version": 8902,
    "current_epoch": "0",
    "dataloader_train": "<nnunetv2.training.data_augmentation.custom_transforms.limited_length_multithreaded_augmenter.LimitedLenWrapper object at 0x7fe06869eb80>",
    "dataloader_train.generator": "<nnunetv2.training.dataloading.data_loader_2d.nnUNetDataLoader2D object at 0x7fe06869e700>",
    "dataloader_train.num_processes": "8",
    "dataloader_train.transform": "Compose ( [SpatialTransform( independent_scale_for_each_axis = False, p_rot_per_sample = 0.2, p_scale_per_sample = 0.2, p_el_per_sample = 0, data_key = 'data', label_key = 'seg', patch_size = [512, 512], patch_center_dist_from_border = None, do_elastic_deform = False, alpha = (0, 0), sigma = (0, 0), do_rotation = True, angle_x = (-3.141592653589793, 3.141592653589793), angle_y = (0, 0), angle_z = (0, 0), do_scale = True, scale = (0.7, 1.4), border_mode_data = 'constant', border_cval_data = 0, order_data = 3, border_mode_seg = 'constant', border_cval_seg = -1, order_seg = 1, random_crop = False, p_rot_per_axis = 1, p_independent_scale_per_axis = 1 ), GaussianNoiseTransform( p_per_sample = 0.1, data_key = 'data', noise_variance = (0, 0.1), p_per_channel = 1, per_channel = False ), GaussianBlurTransform( p_per_sample = 0.2, different_sigma_per_channel = True, p_per_channel = 0.5, data_key = 'data', blur_sigma = (0.5, 1.0), different_sigma_per_axis = False, p_isotropic = 0 ), BrightnessMultiplicativeTransform( p_per_sample = 0.15, data_key = 'data', multiplier_range = (0.75, 1.25), per_channel = True ), ContrastAugmentationTransform( p_per_sample = 0.15, data_key = 'data', contrast_range = (0.75, 1.25), preserve_range = True, per_channel = True, p_per_channel = 1 ), SimulateLowResolutionTransform( order_upsample = 3, order_downsample = 0, channels = None, per_channel = True, p_per_channel = 0.5, p_per_sample = 0.25, data_key = 'data', zoom_range = (0.5, 1), ignore_axes = None ), GammaTransform( p_per_sample = 0.1, retain_stats = True, per_channel = True, data_key = 'data', gamma_range = (0.7, 1.5), invert_image = True ), GammaTransform( p_per_sample = 0.3, retain_stats = True, per_channel = True, data_key = 'data', gamma_range = (0.7, 1.5), invert_image = False ), MirrorTransform( p_per_sample = 1, data_key = 'data', label_key = 'seg', axes = (0, 1) ), RemoveLabelTransform( output_key = 'seg', input_key = 'seg', replace_with = 0, remove_label = -1 ), RenameTransform( delete_old = True, out_key = 'target', in_key = 'seg' ), DownsampleSegForDSTransform2( axes = None, output_key = 'target', input_key = 'target', order = 0, ds_scales = [[1.0, 1.0], [0.5, 0.5], [0.25, 0.25], [0.125, 0.125], [0.0625, 0.0625], [0.03125, 0.03125], [0.015625, 0.015625]] ), NumpyToTensor( keys = ['data', 'target'], cast_to = 'float' )] )",
    "dataloader_val": "<nnunetv2.training.data_augmentation.custom_transforms.limited_length_multithreaded_augmenter.LimitedLenWrapper object at 0x7fe06869e580>",
    "dataloader_val.generator": "<nnunetv2.training.dataloading.data_loader_2d.nnUNetDataLoader2D object at 0x7fe06869eb50>",
    "dataloader_val.num_processes": "4",
    "dataloader_val.transform": "Compose ( [RemoveLabelTransform( output_key = 'seg', input_key = 'seg', replace_with = 0, remove_label = -1 ), RenameTransform( delete_old = True, out_key = 'target', in_key = 'seg' ), DownsampleSegForDSTransform2( axes = None, output_key = 'target', input_key = 'target', order = 0, ds_scales = [[1.0, 1.0], [0.5, 0.5], [0.25, 0.25], [0.125, 0.125], [0.0625, 0.0625], [0.03125, 0.03125], [0.015625, 0.015625]] ), NumpyToTensor( keys = ['data', 'target'], cast_to = 'float' )] )",
    "dataset_json": "{'channel_names': {'0': 'R', '1': 'G', '2': 'B'}, 'labels': {'background': 0, 'interior': 1, 'boundary': 2}, 'numTraining': 500, 'file_ending': '.png', 'name': 'Dataset703_NeurIPSCell', 'description': 'This dataset was from the NeurIPS 2022 Cell Segmentation Challenge https://neurips22-cellseg.grand-challenge.org/. Please note that this is an instance segmentation task.'}",
    "device": "cuda:0",
    "disable_checkpointing": "False",
    "enable_deep_supervision": "True",
    "fold": "all",
    "folder_with_segs_from_previous_stage": "None",
    "gpu_name": "NVIDIA RTX A4000",
    "grad_scaler": "<torch.cuda.amp.grad_scaler.GradScaler object at 0x7fe0301ac0a0>",
    "hostname": "nm2jw93zod",
    "inference_allowed_mirroring_axes": "(0, 1)",
    "initial_lr": "0.01",
    "is_cascaded": "False",
    "is_ddp": "False",
    "label_manager": "<nnunetv2.utilities.label_handling.label_handling.LabelManager object at 0x7fe0301a0a00>",
    "local_rank": "0",
    "log_file": "/notebooks/U-Mamba/data/nnUNet_results/Dataset703_NeurIPSCell/nnUNetTrainerUMambaBot__nnUNetPlans__2d/fold_all/training_log_2024_4_30_21_02_14.txt",
    "logger": "<nnunetv2.training.logging.nnunet_logger.nnUNetLogger object at 0x7fe0301ac0d0>",
    "loss": "DeepSupervisionWrapper(\n  (loss): DC_and_CE_loss(\n    (ce): RobustCrossEntropyLoss()\n    (dc): MemoryEfficientSoftDiceLoss()\n  )\n)",
    "lr_scheduler": "<nnunetv2.training.lr_scheduler.polylr.PolyLRScheduler object at 0x7fe0160a0370>",
    "my_init_kwargs": "{'plans': {'dataset_name': 'Dataset703_NeurIPSCell', 'plans_name': 'nnUNetPlans', 'original_median_spacing_after_transp': [999.0, 1.0, 1.0], 'original_median_shape_after_transp': [1, 1536, 1608], 'image_reader_writer': 'NaturalImage2DIO', 'transpose_forward': [0, 1, 2], 'transpose_backward': [0, 1, 2], 'configurations': {'2d': {'data_identifier': 'nnUNetPlans_2d', 'preprocessor_name': 'DefaultPreprocessor', 'batch_size': 12, 'patch_size': [512, 512], 'median_image_size_in_voxels': [1536.0, 1608.0], 'spacing': [1.0, 1.0], 'normalization_schemes': ['ZScoreNormalization', 'ZScoreNormalization', 'ZScoreNormalization'], 'use_mask_for_norm': [False, False, False], 'UNet_class_name': 'PlainConvUNet', 'UNet_base_num_features': 32, 'n_conv_per_stage_encoder': [2, 2, 2, 2, 2, 2, 2, 2], 'n_conv_per_stage_decoder': [2, 2, 2, 2, 2, 2, 2], 'num_pool_per_axis': [7, 7], 'pool_op_kernel_sizes': [[1, 1], [2, 2], [2, 2], [2, 2], [2, 2], [2, 2], [2, 2], [2, 2]], 'conv_kernel_sizes': [[3, 3], [3, 3], [3, 3], [3, 3], [3, 3], [3, 3], [3, 3], [3, 3]], 'unet_max_num_features': 512, 'resampling_fn_data': 'resample_data_or_seg_to_shape', 'resampling_fn_seg': 'resample_data_or_seg_to_shape', 'resampling_fn_data_kwargs': {'is_seg': False, 'order': 3, 'order_z': 0, 'force_separate_z': None}, 'resampling_fn_seg_kwargs': {'is_seg': True, 'order': 1, 'order_z': 0, 'force_separate_z': None}, 'resampling_fn_probabilities': 'resample_data_or_seg_to_shape', 'resampling_fn_probabilities_kwargs': {'is_seg': False, 'order': 1, 'order_z': 0, 'force_separate_z': None}, 'batch_dice': True}}, 'experiment_planner_used': 'ExperimentPlanner', 'label_manager': 'LabelManager', 'foreground_intensity_properties_per_channel': {'0': {'max': 255.0, 'mean': 77.0086669921875, 'median': 57.0, 'min': 0.0, 'percentile_00_5': 0.0, 'percentile_99_5': 255.0, 'std': 79.0935287475586}, '1': {'max': 255.0, 'mean': 74.12397766113281, 'median': 43.0, 'min': 0.0, 'percentile_00_5': 0.0, 'percentile_99_5': 255.0, 'std': 79.38786315917969}, '2': {'max': 255.0, 'mean': 92.30339050292969, 'median': 88.0, 'min': 0.0, 'percentile_00_5': 0.0, 'percentile_99_5': 255.0, 'std': 79.54102325439453}}}, 'configuration': '2d', 'fold': 'all', 'dataset_json': {'channel_names': {'0': 'R', '1': 'G', '2': 'B'}, 'labels': {'background': 0, 'interior': 1, 'boundary': 2}, 'numTraining': 500, 'file_ending': '.png', 'name': 'Dataset703_NeurIPSCell', 'description': 'This dataset was from the NeurIPS 2022 Cell Segmentation Challenge https://neurips22-cellseg.grand-challenge.org/. Please note that this is an instance segmentation task.'}, 'unpack_dataset': True, 'device': device(type='cuda')}",
    "network": "UMambaBot",
    "num_epochs": "100",
    "num_input_channels": "3",
    "num_iterations_per_epoch": "75",
    "num_val_iterations_per_epoch": "10",
    "optimizer": "SGD (\nParameter Group 0\n    dampening: 0\n    differentiable: False\n    foreach: None\n    initial_lr: 0.01\n    lr: 0.01\n    maximize: False\n    momentum: 0.99\n    nesterov: True\n    weight_decay: 3e-05\n)",
    "output_folder": "/notebooks/U-Mamba/data/nnUNet_results/Dataset703_NeurIPSCell/nnUNetTrainerUMambaBot__nnUNetPlans__2d/fold_all",
    "output_folder_base": "/notebooks/U-Mamba/data/nnUNet_results/Dataset703_NeurIPSCell/nnUNetTrainerUMambaBot__nnUNetPlans__2d",
    "oversample_foreground_percent": "0.33",
    "plans_manager": "{'dataset_name': 'Dataset703_NeurIPSCell', 'plans_name': 'nnUNetPlans', 'original_median_spacing_after_transp': [999.0, 1.0, 1.0], 'original_median_shape_after_transp': [1, 1536, 1608], 'image_reader_writer': 'NaturalImage2DIO', 'transpose_forward': [0, 1, 2], 'transpose_backward': [0, 1, 2], 'configurations': {'2d': {'data_identifier': 'nnUNetPlans_2d', 'preprocessor_name': 'DefaultPreprocessor', 'batch_size': 12, 'patch_size': [512, 512], 'median_image_size_in_voxels': [1536.0, 1608.0], 'spacing': [1.0, 1.0], 'normalization_schemes': ['ZScoreNormalization', 'ZScoreNormalization', 'ZScoreNormalization'], 'use_mask_for_norm': [False, False, False], 'UNet_class_name': 'PlainConvUNet', 'UNet_base_num_features': 32, 'n_conv_per_stage_encoder': [2, 2, 2, 2, 2, 2, 2, 2], 'n_conv_per_stage_decoder': [2, 2, 2, 2, 2, 2, 2], 'num_pool_per_axis': [7, 7], 'pool_op_kernel_sizes': [[1, 1], [2, 2], [2, 2], [2, 2], [2, 2], [2, 2], [2, 2], [2, 2]], 'conv_kernel_sizes': [[3, 3], [3, 3], [3, 3], [3, 3], [3, 3], [3, 3], [3, 3], [3, 3]], 'unet_max_num_features': 512, 'resampling_fn_data': 'resample_data_or_seg_to_shape', 'resampling_fn_seg': 'resample_data_or_seg_to_shape', 'resampling_fn_data_kwargs': {'is_seg': False, 'order': 3, 'order_z': 0, 'force_separate_z': None}, 'resampling_fn_seg_kwargs': {'is_seg': True, 'order': 1, 'order_z': 0, 'force_separate_z': None}, 'resampling_fn_probabilities': 'resample_data_or_seg_to_shape', 'resampling_fn_probabilities_kwargs': {'is_seg': False, 'order': 1, 'order_z': 0, 'force_separate_z': None}, 'batch_dice': True}}, 'experiment_planner_used': 'ExperimentPlanner', 'label_manager': 'LabelManager', 'foreground_intensity_properties_per_channel': {'0': {'max': 255.0, 'mean': 77.0086669921875, 'median': 57.0, 'min': 0.0, 'percentile_00_5': 0.0, 'percentile_99_5': 255.0, 'std': 79.0935287475586}, '1': {'max': 255.0, 'mean': 74.12397766113281, 'median': 43.0, 'min': 0.0, 'percentile_00_5': 0.0, 'percentile_99_5': 255.0, 'std': 79.38786315917969}, '2': {'max': 255.0, 'mean': 92.30339050292969, 'median': 88.0, 'min': 0.0, 'percentile_00_5': 0.0, 'percentile_99_5': 255.0, 'std': 79.54102325439453}}}",
    "preprocessed_dataset_folder": "/notebooks/U-Mamba/data/nnUNet_preprocessed/Dataset703_NeurIPSCell/nnUNetPlans_2d",
    "preprocessed_dataset_folder_base": "/notebooks/U-Mamba/data/nnUNet_preprocessed/Dataset703_NeurIPSCell",
    "save_every": "50",
    "torch_version": "2.0.1+cu117",
    "unpack_dataset": "True",
    "was_initialized": "True",
    "weight_decay": "3e-05"
}