{
    "foreground_intensity_properties_per_channel": {
        "0": {
            "max": 3071.0,
            "mean": 97.29716491699219,
            "median": 118.0,
            "min": -1024.0,
            "percentile_00_5": -958.0,
            "percentile_99_5": 270.0,
            "std": 137.8484649658203
        }
    },
    "median_relative_size_after_cropping": 1.0,
    "shapes_after_crop": [
        [
            110,
            512,
            512
        ],
        [
            107,
            512,
            512
        ],
        [
            101,
            512,
            512
        ],
        [
            87,
            512,
            512
        ],
        [
            85,
            512,
            512
        ],
        [
            93,
            512,
            512
        ],
        [
            105,
            512,
            512
        ],
        [
            99,
            512,
            512
        ],
        [
            87,
            512,
            512
        ],
        [
            96,
            512,
            512
        ],
        [
            84,
            512,
            512
        ],
        [
            103,
            512,
            512
        ],
        [
            91,
            512,
            512
        ],
        [
            71,
            512,
            512
        ],
        [
            84,
            512,
            512
        ],
        [
            93,
            512,
            512
        ],
        [
            108,
            512,
            512
        ],
        [
            98,
            512,
            512
        ],
        [
            98,
            512,
            512
        ],
        [
            92,
            512,
            512
        ],
        [
            100,
            512,
            512
        ],
        [
            98,
            512,
            512
        ],
        [
            102,
            512,
            512
        ],
        [
            99,
            512,
            512
        ],
        [
            85,
            512,
            512
        ],
        [
            104,
            512,
            512
        ],
        [
            102,
            512,
            512
        ],
        [
            89,
            512,
            512
        ],
        [
            93,
            512,
            512
        ],
        [
            99,
            512,
            512
        ],
        [
            101,
            512,
            512
        ],
        [
            103,
            512,
            512
        ],
        [
            107,
            512,
            512
        ],
        [
            94,
            512,
            512
        ],
        [
            101,
            512,
            512
        ],
        [
            89,
            512,
            512
        ],
        [
            79,
            512,
            512
        ],
        [
            109,
            512,
            512
        ],
        [
            100,
            512,
            512
        ],
        [
            93,
            512,
            512
        ],
        [
            98,
            512,
            512
        ],
        [
            93,
            512,
            512
        ],
        [
            85,
            512,
            512
        ],
        [
            83,
            512,
            512
        ],
        [
            113,
            512,
            512
        ],
        [
            93,
            512,
            512
        ],
        [
            113,
            512,
            512
        ],
        [
            95,
            512,
            512
        ],
        [
            87,
            512,
            512
        ],
        [
            95,
            512,
            512
        ]
    ],
    "spacings": [
        [
            2.5,
            0.6445310115814209,
            0.6445310115814209
        ],
        [
            2.5,
            0.7421879768371582,
            0.7421879768371582
        ],
        [
            2.5,
            0.7675780057907104,
            0.7675780057907104
        ],
        [
            2.5,
            0.7324219942092896,
            0.7324219942092896
        ],
        [
            2.5,
            0.7734379768371582,
            0.7734379768371582
        ],
        [
            2.5,
            0.8632810115814209,
            0.8632810115814209
        ],
        [
            2.5,
            0.7949219942092896,
            0.7949219942092896
        ],
        [
            2.5,
            0.78125,
            0.78125
        ],
        [
            2.5,
            0.8066409826278687,
            0.8066409826278687
        ],
        [
            2.5,
            0.8203120231628418,
            0.8203120231628418
        ],
        [
            2.5,
            0.765625,
            0.765625
        ],
        [
            2.5,
            0.8222659826278687,
            0.8222659826278687
        ],
        [
            2.5,
            0.7773439884185791,
            0.7773439884185791
        ],
        [
            2.5,
            0.8164060115814209,
            0.8164060115814209
        ],
        [
            2.5,
            0.7226560115814209,
            0.7226560115814209
        ],
        [
            2.5,
            0.7519530057907104,
            0.7519530057907104
        ],
        [
            2.5,
            0.9257810115814209,
            0.9257810115814209
        ],
        [
            2.5,
            0.8203120231628418,
            0.8203120231628418
        ],
        [
            5.0,
            0.7539060115814209,
            0.7539060115814209
        ],
        [
            2.5,
            0.7929689884185791,
            0.7929689884185791
        ],
        [
            2.5,
            0.8984379768371582,
            0.8984379768371582
        ],
        [
            5.0,
            0.7695310115814209,
            0.7695310115814209
        ],
        [
            2.5,
            0.78125,
            0.78125
        ],
        [
            2.5,
            0.796875,
            0.796875
        ],
        [
            2.5,
            0.8984379768371582,
            0.8984379768371582
        ],
        [
            4.0,
            0.6835939884185791,
            0.6835939884185791
        ],
        [
            2.5,
            0.9316409826278687,
            0.9316409826278687
        ],
        [
            2.5,
            0.9765620231628418,
            0.9765620231628418
        ],
        [
            2.5,
            0.7910159826278687,
            0.7910159826278687
        ],
        [
            2.5,
            0.7988280057907104,
            0.7988280057907104
        ],
        [
            2.5,
            0.8710939884185791,
            0.8710939884185791
        ],
        [
            2.5,
            0.9082030057907104,
            0.9082030057907104
        ],
        [
            2.5,
            0.8984379768371582,
            0.8984379768371582
        ],
        [
            2.5,
            0.7695310115814209,
            0.7695310115814209
        ],
        [
            2.5,
            0.9765620231628418,
            0.9765620231628418
        ],
        [
            2.5,
            0.7734379768371582,
            0.7734379768371582
        ],
        [
            2.5,
            0.7304689884185791,
            0.7304689884185791
        ],
        [
            2.5,
            0.8378909826278687,
            0.8378909826278687
        ],
        [
            2.5,
            0.8808590173721313,
            0.8808590173721313
        ],
        [
            2.5,
            0.7675780057907104,
            0.7675780057907104
        ],
        [
            2.5,
            0.7792969942092896,
            0.7792969942092896
        ],
        [
            2.5,
            0.8359379768371582,
            0.8359379768371582
        ],
        [
            2.5,
            0.8671879768371582,
            0.8671879768371582
        ],
        [
            2.5,
            0.9472659826278687,
            0.9472659826278687
        ],
        [
            2.5,
            0.9765620231628418,
            0.9765620231628418
        ],
        [
            2.5,
            0.7226560115814209,
            0.7226560115814209
        ],
        [
            2.5,
            0.9628909826278687,
            0.9628909826278687
        ],
        [
            2.5,
            0.7792969942092896,
            0.7792969942092896
        ],
        [
            2.5,
            0.765625,
            0.765625
        ],
        [
            2.5,
            0.8203120231628418,
            0.8203120231628418
        ]
    ]
}