{
    "dataset_name": "Dataset111_Teeth",
    "plans_name": "nnUNetPlans",
    "original_median_spacing_after_transp": [
        999.0,
        1.0,
        1.0
    ],
    "original_median_shape_after_transp": [
        1,
        214,
        520
    ],
    "image_reader_writer": "NaturalImage2DIO",
    "transpose_forward": [
        0,
        1,
        2
    ],
    "transpose_backward": [
        0,
        1,
        2
    ],
    "configurations": {
        "2d": {
            "data_identifier": "nnUNetPlans_2d",
            "preprocessor_name": "DefaultPreprocessor",
            "batch_size": 3,
            "patch_size": [
                224,
                576
            ],
            "median_image_size_in_voxels": [
                214.0,
                520.0
            ],
            "spacing": [
                1.0,
                1.0
            ],
            "normalization_schemes": [
                "ZScoreNormalization",
                "ZScoreNormalization",
                "ZScoreNormalization"
            ],
            "use_mask_for_norm": [
                false,
                false,
                false
            ],
            "UNet_class_name": "PlainConvUNet",
            "UNet_base_num_features": 32,
            "n_conv_per_stage_encoder": [
                2,
                2,
                2,
                2,
                2,
                2,
                2
            ],
            "n_conv_per_stage_decoder": [
                2,
                2,
                2,
                2,
                2,
                2
            ],
            "num_pool_per_axis": [
                5,
                6
            ],
            "pool_op_kernel_sizes": [
                [
                    1,
                    1
                ],
                [
                    2,
                    2
                ],
                [
                    2,
                    2
                ],
                [
                    2,
                    2
                ],
                [
                    2,
                    2
                ],
                [
                    2,
                    2
                ],
                [
                    1,
                    2
                ]
            ],
            "conv_kernel_sizes": [
                [
                    3,
                    3
                ],
                [
                    3,
                    3
                ],
                [
                    3,
                    3
                ],
                [
                    3,
                    3
                ],
                [
                    3,
                    3
                ],
                [
                    3,
                    3
                ],
                [
                    3,
                    3
                ]
            ],
            "unet_max_num_features": 512,
            "resampling_fn_data": "resample_data_or_seg_to_shape",
            "resampling_fn_seg": "resample_data_or_seg_to_shape",
            "resampling_fn_data_kwargs": {
                "is_seg": false,
                "order": 3,
                "order_z": 0,
                "force_separate_z": null
            },
            "resampling_fn_seg_kwargs": {
                "is_seg": true,
                "order": 1,
                "order_z": 0,
                "force_separate_z": null
            },
            "resampling_fn_probabilities": "resample_data_or_seg_to_shape",
            "resampling_fn_probabilities_kwargs": {
                "is_seg": false,
                "order": 1,
                "order_z": 0,
                "force_separate_z": null
            },
            "batch_dice": true
        }
    },
    "experiment_planner_used": "ExperimentPlanner",
    "label_manager": "LabelManager",
    "foreground_intensity_properties_per_channel": {
        "0": {
            "max": 255.0,
            "mean": 143.08236694335938,
            "median": 142.0,
            "min": 8.0,
            "percentile_00_5": 33.0,
            "percentile_99_5": 255.0,
            "std": 42.24924087524414
        },
        "1": {
            "max": 255.0,
            "mean": 143.08616638183594,
            "median": 142.0,
            "min": 8.0,
            "percentile_00_5": 33.0,
            "percentile_99_5": 255.0,
            "std": 42.25151062011719
        },
        "2": {
            "max": 255.0,
            "mean": 143.0724639892578,
            "median": 142.0,
            "min": 8.0,
            "percentile_00_5": 33.0,
            "percentile_99_5": 255.0,
            "std": 42.250038146972656
        }
    }
}