{
    "dataset_name": "Dataset703_NeurIPSCell",
    "plans_name": "nnUNetPlans",
    "original_median_spacing_after_transp": [
        999.0,
        1.0,
        1.0
    ],
    "original_median_shape_after_transp": [
        1,
        1536,
        1608
    ],
    "image_reader_writer": "NaturalImage2DIO",
    "transpose_forward": [
        0,
        1,
        2
    ],
    "transpose_backward": [
        0,
        1,
        2
    ],
    "configurations": {
        "2d": {
            "data_identifier": "nnUNetPlans_2d",
            "preprocessor_name": "DefaultPreprocessor",
            "batch_size": 12,
            "patch_size": [
                512,
                512
            ],
            "median_image_size_in_voxels": [
                1536.0,
                1608.0
            ],
            "spacing": [
                1.0,
                1.0
            ],
            "normalization_schemes": [
                "ZScoreNormalization",
                "ZScoreNormalization",
                "ZScoreNormalization"
            ],
            "use_mask_for_norm": [
                false,
                false,
                false
            ],
            "UNet_class_name": "PlainConvUNet",
            "UNet_base_num_features": 32,
            "n_conv_per_stage_encoder": [
                2,
                2,
                2,
                2,
                2,
                2,
                2,
                2
            ],
            "n_conv_per_stage_decoder": [
                2,
                2,
                2,
                2,
                2,
                2,
                2
            ],
            "num_pool_per_axis": [
                7,
                7
            ],
            "pool_op_kernel_sizes": [
                [
                    1,
                    1
                ],
                [
                    2,
                    2
                ],
                [
                    2,
                    2
                ],
                [
                    2,
                    2
                ],
                [
                    2,
                    2
                ],
                [
                    2,
                    2
                ],
                [
                    2,
                    2
                ],
                [
                    2,
                    2
                ]
            ],
            "conv_kernel_sizes": [
                [
                    3,
                    3
                ],
                [
                    3,
                    3
                ],
                [
                    3,
                    3
                ],
                [
                    3,
                    3
                ],
                [
                    3,
                    3
                ],
                [
                    3,
                    3
                ],
                [
                    3,
                    3
                ],
                [
                    3,
                    3
                ]
            ],
            "unet_max_num_features": 512,
            "resampling_fn_data": "resample_data_or_seg_to_shape",
            "resampling_fn_seg": "resample_data_or_seg_to_shape",
            "resampling_fn_data_kwargs": {
                "is_seg": false,
                "order": 3,
                "order_z": 0,
                "force_separate_z": null
            },
            "resampling_fn_seg_kwargs": {
                "is_seg": true,
                "order": 1,
                "order_z": 0,
                "force_separate_z": null
            },
            "resampling_fn_probabilities": "resample_data_or_seg_to_shape",
            "resampling_fn_probabilities_kwargs": {
                "is_seg": false,
                "order": 1,
                "order_z": 0,
                "force_separate_z": null
            },
            "batch_dice": true
        }
    },
    "experiment_planner_used": "ExperimentPlanner",
    "label_manager": "LabelManager",
    "foreground_intensity_properties_per_channel": {
        "0": {
            "max": 255.0,
            "mean": 77.0086669921875,
            "median": 57.0,
            "min": 0.0,
            "percentile_00_5": 0.0,
            "percentile_99_5": 255.0,
            "std": 79.0935287475586
        },
        "1": {
            "max": 255.0,
            "mean": 74.12397766113281,
            "median": 43.0,
            "min": 0.0,
            "percentile_00_5": 0.0,
            "percentile_99_5": 255.0,
            "std": 79.38786315917969
        },
        "2": {
            "max": 255.0,
            "mean": 92.30339050292969,
            "median": 88.0,
            "min": 0.0,
            "percentile_00_5": 0.0,
            "percentile_99_5": 255.0,
            "std": 79.54102325439453
        }
    }
}