{
    "dataset_name": "Dataset701_AbdomenCT",
    "plans_name": "nnUNetPlans",
    "original_median_spacing_after_transp": [
        2.5,
        0.7958984971046448,
        0.7958984971046448
    ],
    "original_median_shape_after_transp": [
        97,
        512,
        512
    ],
    "image_reader_writer": "SimpleITKIO",
    "transpose_forward": [
        0,
        1,
        2
    ],
    "transpose_backward": [
        0,
        1,
        2
    ],
    "configurations": {
        "2d": {
            "data_identifier": "nnUNetPlans_2d",
            "preprocessor_name": "DefaultPreprocessor",
            "batch_size": 14,
            "patch_size": [
                512,
                448
            ],
            "median_image_size_in_voxels": [
                512.0,
                512.0
            ],
            "spacing": [
                0.7958984971046448,
                0.7958984971046448
            ],
            "normalization_schemes": [
                "CTNormalization"
            ],
            "use_mask_for_norm": [
                false
            ],
            "UNet_class_name": "PlainConvUNet",
            "UNet_base_num_features": 32,
            "n_conv_per_stage_encoder": [
                2,
                2,
                2,
                2,
                2,
                2,
                2
            ],
            "n_conv_per_stage_decoder": [
                2,
                2,
                2,
                2,
                2,
                2
            ],
            "num_pool_per_axis": [
                6,
                6
            ],
            "pool_op_kernel_sizes": [
                [
                    1,
                    1
                ],
                [
                    2,
                    2
                ],
                [
                    2,
                    2
                ],
                [
                    2,
                    2
                ],
                [
                    2,
                    2
                ],
                [
                    2,
                    2
                ],
                [
                    2,
                    2
                ]
            ],
            "conv_kernel_sizes": [
                [
                    3,
                    3
                ],
                [
                    3,
                    3
                ],
                [
                    3,
                    3
                ],
                [
                    3,
                    3
                ],
                [
                    3,
                    3
                ],
                [
                    3,
                    3
                ],
                [
                    3,
                    3
                ]
            ],
            "unet_max_num_features": 512,
            "resampling_fn_data": "resample_data_or_seg_to_shape",
            "resampling_fn_seg": "resample_data_or_seg_to_shape",
            "resampling_fn_data_kwargs": {
                "is_seg": false,
                "order": 3,
                "order_z": 0,
                "force_separate_z": null
            },
            "resampling_fn_seg_kwargs": {
                "is_seg": true,
                "order": 1,
                "order_z": 0,
                "force_separate_z": null
            },
            "resampling_fn_probabilities": "resample_data_or_seg_to_shape",
            "resampling_fn_probabilities_kwargs": {
                "is_seg": false,
                "order": 1,
                "order_z": 0,
                "force_separate_z": null
            },
            "batch_dice": true
        },
        "3d_lowres": {
            "data_identifier": "nnUNetPlans_3d_lowres",
            "preprocessor_name": "DefaultPreprocessor",
            "batch_size": 2,
            "patch_size": [
                64,
                192,
                192
            ],
            "median_image_size_in_voxels": [
                94,
                310,
                310
            ],
            "spacing": [
                2.575,
                1.315498946468058,
                1.315498946468058
            ],
            "normalization_schemes": [
                "CTNormalization"
            ],
            "use_mask_for_norm": [
                false
            ],
            "UNet_class_name": "PlainConvUNet",
            "UNet_base_num_features": 32,
            "n_conv_per_stage_encoder": [
                2,
                2,
                2,
                2,
                2,
                2
            ],
            "n_conv_per_stage_decoder": [
                2,
                2,
                2,
                2,
                2
            ],
            "num_pool_per_axis": [
                4,
                5,
                5
            ],
            "pool_op_kernel_sizes": [
                [
                    1,
                    1,
                    1
                ],
                [
                    2,
                    2,
                    2
                ],
                [
                    2,
                    2,
                    2
                ],
                [
                    2,
                    2,
                    2
                ],
                [
                    2,
                    2,
                    2
                ],
                [
                    1,
                    2,
                    2
                ]
            ],
            "conv_kernel_sizes": [
                [
                    3,
                    3,
                    3
                ],
                [
                    3,
                    3,
                    3
                ],
                [
                    3,
                    3,
                    3
                ],
                [
                    3,
                    3,
                    3
                ],
                [
                    3,
                    3,
                    3
                ],
                [
                    3,
                    3,
                    3
                ]
            ],
            "unet_max_num_features": 320,
            "resampling_fn_data": "resample_data_or_seg_to_shape",
            "resampling_fn_seg": "resample_data_or_seg_to_shape",
            "resampling_fn_data_kwargs": {
                "is_seg": false,
                "order": 3,
                "order_z": 0,
                "force_separate_z": null
            },
            "resampling_fn_seg_kwargs": {
                "is_seg": true,
                "order": 1,
                "order_z": 0,
                "force_separate_z": null
            },
            "resampling_fn_probabilities": "resample_data_or_seg_to_shape",
            "resampling_fn_probabilities_kwargs": {
                "is_seg": false,
                "order": 1,
                "order_z": 0,
                "force_separate_z": null
            },
            "batch_dice": false,
            "next_stage": "3d_cascade_fullres"
        },
        "3d_fullres": {
            "data_identifier": "nnUNetPlans_3d_fullres",
            "preprocessor_name": "DefaultPreprocessor",
            "batch_size": 2,
            "patch_size": [
                64,
                224,
                192
            ],
            "median_image_size_in_voxels": [
                97.0,
                512.0,
                512.0
            ],
            "spacing": [
                2.5,
                0.7958984971046448,
                0.7958984971046448
            ],
            "normalization_schemes": [
                "CTNormalization"
            ],
            "use_mask_for_norm": [
                false
            ],
            "UNet_class_name": "PlainConvUNet",
            "UNet_base_num_features": 32,
            "n_conv_per_stage_encoder": [
                2,
                2,
                2,
                2,
                2,
                2
            ],
            "n_conv_per_stage_decoder": [
                2,
                2,
                2,
                2,
                2
            ],
            "num_pool_per_axis": [
                3,
                5,
                5
            ],
            "pool_op_kernel_sizes": [
                [
                    1,
                    1,
                    1
                ],
                [
                    1,
                    2,
                    2
                ],
                [
                    2,
                    2,
                    2
                ],
                [
                    2,
                    2,
                    2
                ],
                [
                    2,
                    2,
                    2
                ],
                [
                    1,
                    2,
                    2
                ]
            ],
            "conv_kernel_sizes": [
                [
                    1,
                    3,
                    3
                ],
                [
                    3,
                    3,
                    3
                ],
                [
                    3,
                    3,
                    3
                ],
                [
                    3,
                    3,
                    3
                ],
                [
                    3,
                    3,
                    3
                ],
                [
                    3,
                    3,
                    3
                ]
            ],
            "unet_max_num_features": 320,
            "resampling_fn_data": "resample_data_or_seg_to_shape",
            "resampling_fn_seg": "resample_data_or_seg_to_shape",
            "resampling_fn_data_kwargs": {
                "is_seg": false,
                "order": 3,
                "order_z": 0,
                "force_separate_z": null
            },
            "resampling_fn_seg_kwargs": {
                "is_seg": true,
                "order": 1,
                "order_z": 0,
                "force_separate_z": null
            },
            "resampling_fn_probabilities": "resample_data_or_seg_to_shape",
            "resampling_fn_probabilities_kwargs": {
                "is_seg": false,
                "order": 1,
                "order_z": 0,
                "force_separate_z": null
            },
            "batch_dice": true
        },
        "3d_cascade_fullres": {
            "inherits_from": "3d_fullres",
            "previous_stage": "3d_lowres"
        }
    },
    "experiment_planner_used": "ExperimentPlanner",
    "label_manager": "LabelManager",
    "foreground_intensity_properties_per_channel": {
        "0": {
            "max": 3071.0,
            "mean": 97.29716491699219,
            "median": 118.0,
            "min": -1024.0,
            "percentile_00_5": -958.0,
            "percentile_99_5": 270.0,
            "std": 137.8484649658203
        }
    }
}